英文名,引用数,谷歌学术,个人主页,推特handel,linkedin
Geoffrey Hinton,833235,JicYPdAAAAAJ,https://www.cs.toronto.edu/~hinton/,geoffreyhinton,
Yoshua Bengio,821134,kukA0LcAAAAJ,https://yoshuabengio.org/,Yoshua_Bengio,https://ca.linkedin.com/in/yoshuabengio
Kaiming He,594195,DhtAFkwAAAAJ,https://people.csail.mit.edu/kaiming/,,https://www.linkedin.com/in/kaiming-he-90664838
Ilya Sutskever,531186,x04W_mMAAAAJ,https://www.cs.utoronto.ca/~ilya/,ilyasut,https://www.linkedin.com/in/ilya-sutskever
Jian Sun,530875,ALVSZAYAAAAJ,https://www.jiansun.org/,,https://cn.linkedin.com/in/jian-sun-264252111
Robert Tibshirani,501486,ZpG_cJwAAAAJ,https://tibshirani.su.domains/index.html,robtibshirani,
Ross Girshick,486100,W8VIEZgAAAAJ,https://www.rossgirshick.info/,inkynumbers,https://www.linkedin.com/in/ross-girshick-81326084
Andrew Zisserman,425045,UZ5wscMAAAAJ,https://www.robots.ox.ac.uk/~az/,,https://www.linkedin.com/in/andrew-brown-6b4193115
Shaoqing Ren,373184,AUhj438AAAAJ,https://shaoqingren.com/,RenShaoqing,https://cn.linkedin.com/in/shaoqing-ren-61853260
Trevor Hastie,368541,tQVe-fAAAAAJ,https://hastie.su.domains/,hastietrevor,https://www.linkedin.com/in/trevor-hastie-a6a4735
Yann LeCun,365620,WLN3QrAAAAAJ,http://yann.lecun.com/,ylecun,https://www.linkedin.com/in/yann-lecun
Xiangyu Zhang,319721,yuB-cfoAAAAJ,,,https://www.linkedin.com/in/xiangyu-zhang-24a148160/
Jose Enrique Garcia Navarro [ORCID: 0000-0002-0279-0523],319614,too0eQkAAAAJ,,,
Vladimir Vapnik,315966,vtegaJgAAAAJ,,,https://www.linkedin.com/in/vladimir-vapnik-5956a624
Ian Goodfellow,308621,iYN86KEAAAAJ,https://www.iangoodfellow.com/,goodfellow_ian,https://www.linkedin.com/in/ian-goodfellow-b7187213
Jeff Dean,305602,NMS69lQAAAAJ,https://research.google/people/jeff/?&type=google,JeffDean,https://www.linkedin.com/in/jeff-dean-8b212555
Stefano Giagu,301923,GjtUFQsAAAAJ,http://www.giagu.it/,StefanoG,
Michael I. Jordan,299416,yxUduqMAAAAJ,https://people.eecs.berkeley.edu/~jordan/,,https://www.linkedin.com/in/michael-jordan-767032125
Jonathan Hays,298713,1DS8DjgAAAAJ,,,
Tommaso Dorigo,296673,p5i5SrgAAAAJ,https://userswww.pd.infn.it/~dorigo/,Dorigo,https://it.linkedin.com/in/tommaso-dorigo-876b554
Jean-Roch Vlimant,296065,atsBh1QAAAAJ,,vlimant,https://ch.linkedin.com/in/jean-roch-vlimant/en
Julien Donini,292938,eN5cHekAAAAJ,,,
Josh Cogan,286673,_EPCKe0AAAAJ,http://joshcogan.com/wp/,,https://www.linkedin.com/in/josh-cogan-10416b68
Lily Asquith,285118,cFhAMkoAAAAJ,,lily_asquith,https://uk.linkedin.com/in/lily-asquith-13997063
Mark Neubauer,284201,jxy08CgAAAAJ,https://www.marksneubauer.com/,MarkSNeubauer,https://www.linkedin.com/in/marksneubauer
Oriol Vinyals,284144,NkzyCvUAAAAJ,,OriolVinyalsML,https://uk.linkedin.com/in/oriol-vinyals-00b3366
Lotfi A. Zadeh,277083,S6H-0RAAAAAJ,https://www2.eecs.berkeley.edu/Faculty/Homepages/zadeh.html/,,https://www.linkedin.com/pulse/obituary-tribute-prof-lotfi-zadeh-aswani-kumar-cherukuri
Konstantinos Bachas,276964,nChoyPsAAAAJ,,,
Kyle Cranmer,276039,EZjSxgwAAAAJ,https://theoryandpractice.org/,kylecranmer,https://www.linkedin.com/in/kylecranmer
Leo Breiman 1928-2005,271132,mXSv_1UAAAAJ,,,
Anil K. Jain,270383,g-_ZXGsAAAAJ,http://www.cse.msu.edu/~jain/,,https://www.linkedin.com/in/anil-jain-689b0791
Alex Krizhevsky,270371,xegzhJcAAAAJ,http://www.cs.toronto.edu/~kriz,,
Maurizio Pierini,269593,3vZMAs4AAAAJ,,bligodj0,https://ch.linkedin.com/in/xmpierinix
Christian Szegedy,264525,bnQMuzgAAAAJ,,ChrSzegedy,https://www.linkedin.com/in/christian-szegedy-bb284816
Quoc Viet Le,262463,vfT6-XIAAAAJ,https://cs.stanford.edu/~quocle/,quocleix,https://www.linkedin.com/in/quoc-v-le-319b5a8
Trevor Darrell,261839,bh-uRFMAAAAJ,https://people.eecs.berkeley.edu/~trevor/,trevordarrell,https://its.berkeley.edu/people/trevor-darrell
Li Fei-Fei,261435,rDfyQnIAAAAJ,http://vision.stanford.edu/,drfeifei,https://www.linkedin.com/in/fei-fei-li-4541247
Andrew Ng,259392,mG4imMEAAAAJ,https://www.andrewng.org/,AndrewYNg,https://www.linkedin.com/in/andrewyng/
Diederik P. Kingma,258281,yyIoQu4AAAAJ,https://dpkingma.com/,dpkingma,https://www.linkedin.com/in/durk-kingma-58b3564
Christian M. Ringle,256864,y5F176wAAAAJ,https://www.tuhh.de/mds/team/prof-dr-c-m-ringle,,https://www.linkedin.com/today/author/christian-m-ringle-989ba634
Lev Dudko,256609,zEQGLhoAAAAJ,,,
Christopher D Manning,254761,1zmDOdwAAAAJ,https://nlp.stanford.edu/~manning/,chrmanning,https://www.linkedin.com/in/christopher-manning-011575
Stephen Boyd,254616,GExyiRkAAAAJ,https://stanford.edu/~boyd/,,https://www.linkedin.com/in/stephen-boyd-0242281
Tien Yin Wong 黄天荫,253881,f2XZEZ8AAAAJ,,WongTienYin,https://sg.linkedin.com/in/tien-yin-wong-%E9%BB%84%E5%A4%A9%E8%8D%AB-b0275733
Juergen Schmidhuber,249480,gLnCTgIAAAAJ,https://people.idsia.ch/~juergen/,schmidhuberai,https://ch.linkedin.com/in/j%C3%BCrgen-schmidhuber-39226872
Zhihua Liang,248447,euNshFkAAAAJ,,,https://be.linkedin.com/in/liangzhihua
Mia Liu,247664,h8JQ0nYAAAAJ,,,
Troels Petersen,245524,eg0xC8cAAAAJ,,,
Daniel Dobos,242753,riqzUdgAAAAJ,,,https://ch.linkedin.com/in/danieldobos
David Lopez Mateos,242490,P6krKIkAAAAJ,http://users.physics.harvard.edu/~dlopez/,,
Kieron Burke,242354,NNwQAegAAAAJ,https://dft.uci.edu/,,
Lucian Ancu,236218,rKhA7j0AAAAJ,,,https://ch.linkedin.com/in/lucian-ancu-phd-9201733
Sascha Caron,235426,yfuZDxsAAAAJ,https://www.nikhef.nl/~scaron/,SaschaCaron,
Bernhard Schölkopf,235251,DZ-fHPgAAAAJ,,bschoelkopf,https://de.linkedin.com/in/bernhard-sch%C3%B6lkopf-732969238
Ryan Reece,234640,7-0GbXEAAAAJ,https://rreece.github.io/,RyanDavidReece,https://www.linkedin.com/in/ryanreece
Jimmy Ba,233604,ymzxRhAAAAAJ,https://jimmylba.github.io/,jimmybajimmyba,
Nuno Castro,233487,tiPVEV8AAAAJ,https://www.cienciavitae.pt/en/C015-ED7D-BE43,,
Karen Simonyan,230559,L7lMQkQAAAAJ,,,https://am.linkedin.com/in/simonyankaren
Jitendra MALIK,230216,aOklxsQAAAAJ,https://people.eecs.berkeley.edu/~malik/,JitendraMalikCV,https://www.linkedin.com/in/jitendra-malik-60b55823b
Luc Van Gool,230203,TwMib_QAAAAJ,,,https://ch.linkedin.com/in/luc-van-gool-1b4a689
Sanjay Padhi,228863,fwSWNY4AAAAJ,,,https://www.linkedin.com/in/sanjaypadhi
Michael Kagan,228368,KtMij1EAAAAJ,,,https://ch.linkedin.com/in/michael-kagan-06292616
Wolfgang Waltenberger,226732,nKC5jkgAAAAJ,https://www.oeaw.ac.at/hephy/staff/wolfgang-waltenberger/,,
Gregor Kasieczka,226504,XSJHhmIAAAAJ,https://www.physik.uni-hamburg.de/iexp/gruppe-kasieczka.html,GregorKasieczka,https://de.linkedin.com/in/gregor-kasieczka-b6b91383
Piotr Dollár,222859,a8Y2OJMAAAAJ,https://pdollar.github.io/,,https://www.linkedin.com/in/pdollar
Paolo Meridiani,220542,yQwnkKMAAAAJ,,,https://it.linkedin.com/in/meridiani-paolo-6714105
Riccardo Di Sipio,218027,FX5AyXoAAAAJ,https://riccardo-disipio.medium.com/,,
koray kavukcuoglu,217879,sGFyDIUAAAAJ,http://koray.kavukcuoglu.org/,koraykv,https://uk.linkedin.com/in/koray-kavukcuoglu-0439a720
Data Tecnica,217716,qCE88ykAAAAJ,https://www.datatecnica.com/,DataTecnica,https://www.linkedin.com/company/datatecnica
Sanmay Ganguly,216325,FacGNwsAAAAJ,,SanmayGanguly,https://in.linkedin.com/in/sanmay-ganguly-a574411a
Javier M. Duarte,215089,GTtW9H0AAAAJ,https://jduarte.physics.ucsd.edu/,,https://www.linkedin.com/in/javier-m-duarte
Wahid Bhimji,212021,COnXcM0AAAAJ,,,https://www.linkedin.com/in/wahid-bhimji-56063818
Ruslan Salakhutdinov,207491,ITZ1e7MAAAAJ,https://www.cs.cmu.edu/~rsalakhu/,rsalakhu,
Kalyanmoy Deb,206557,paTAXiIAAAAJ,https://www.egr.msu.edu/~kdeb/,,https://www.linkedin.com/in/kalyanmoy-deb-91748136
Benjamin Nachman,205831,4CpTP8YAAAAJ,https://nachmangroup.github.io/,bpnachman,https://www.linkedin.com/in/bpnachman
Roberto Castello,201226,JFdVZCcAAAAJ,https://people.epfl.ch/roberto.castello,epfl_en,https://www.linkedin.com/school/epfl/
David Silver,201188,-8DNE4UAAAAJ,https://www.davidsilver.uk/,,
Lukasz Kaiser,199049,JWmiQR0AAAAJ,,lukaszkaiser,https://www.linkedin.com/in/lukaszkaiser
Fedor Ratnikov,198999,vbLFLLEAAAAJ,,,https://www.linkedin.com/in/fedor-ratnikov-587b7468
Jakob Uszkoreit,198733,mOG0bwsAAAAJ,,kyosu,https://www.linkedin.com/in/jakob-uszkoreit-b238b51
Nathaniel Odell,198716,mq7PhfsAAAAJ,,,
Christian Veelken,196311,DawLCO0AAAAJ,,,https://ee.linkedin.com/in/christian-veelken-937269113
Sofia Vallecorsa,196115,OQpf9YsAAAAJ,,,https://ch.linkedin.com/in/sofia-vallecorsa-93ab36b1
Raquel Pezoa,194456,v_0SXv4AAAAJ,,,https://cl.linkedin.com/in/raquel-pezoa-0569976
Luigi Calligaris,189297,VJTNwGoAAAAJ,https://github.com/luigicalligaris,luigicalligaris,https://br.linkedin.com/in/luigicalligaris
Jingdan Zhang,187947,eBh1SzAAAAAJ,,,
Richard Socher,187754,FaOcyfMAAAAJ,https://www.socher.org/,RichardSocher,https://www.linkedin.com/in/richardsocher
Lara Lloret Iglesias,187314,LnBGQ3QAAAAJ,https://orcid.org/0000-0002-0157-4765,orcid_org,https://www.linkedin.com/company/orcid
Skander Gasmi,184199,SxAO2hQAAAAJ,,,https://tn.linkedin.com/in/skanderggasmi
Alex Smola,184015,Tb0ZrYwAAAAJ,https://alex.smola.org/,smolix,https://linkedin.com/in/smola/
Thomas Dent,182527,PMOPtaEAAAAJ,,,https://es.linkedin.com/in/thomas-dent-a68171b
Noam Shazeer,182252,wsGvgA8AAAAJ,,NoamShazeer,https://www.linkedin.com/in/noam-shazeer-3b27288
Serge Belongie,179198,chD5XxkAAAAJ,https://www.belongielab.org/,BelongieLab,https://dk.linkedin.com/in/sergebelongie
Vincent Vanhoucke,177327,T7uctwYAAAAJ,https://vincent.vanhoucke.com/,V_Vanhoucke,http://linkedin.com/in/vanhoucke
Greg Corrado,177157,HBtozdUAAAAJ,,greg_corrado,https://www.linkedin.com/in/greg-corrado-phd
Julian Bunn,176670,4vRmersAAAAJ,,,https://www.linkedin.com/posts/leskovsek_interview-julian-bunn-california-audio-activity-7028841944223035393-LJPV
Manolis Kellis,175327,lsYXBx8AAAAJ,http://compbio.mit.edu/,manoliskellis,https://www.linkedin.com/in/manolis-kellis
Terrence Sejnowski,174090,m1qAiOUAAAAJ,https://cnl.salk.edu/,sejnowski,https://www.linkedin.com/posts/ucsdinnovation_terrence-sejnowski-has-been-named-scientist-activity-7158867240350633984-o2-s
Henning Kirschenmann,172625,Wa__UJYAAAAJ,https://researchportal.helsinki.fi/en/persons/henning-kirschenmann,,https://www.linkedin.com/in/henning-kirschenmann-89454612a/
Jure Leskovec,172444,Q_kKkIUAAAAJ,https://cs.stanford.edu/~jure/,jure,https://www.linkedin.com/in/leskovec
Laurent D. Cohen,169855,lphQnvMAAAAJ,https://www.ceremade.dauphine.fr/~cohen/,,
Thomas S. Huang,169747,rGF6-WkAAAAJ,https://ifp-uiuc.github.io/,,https://www.linkedin.com/in/thomas-huang-04716b116
Alexey Svyatkovskiy,165665,0Oj4J4wAAAAJ,,asvyatko,https://www.linkedin.com/in/asvyatko
Tomas Mikolov,164765,oBu8kMMAAAAJ,,,https://cz.linkedin.com/in/tomas-mikolov-59831188
Evrim Ersin Kangal,164418,hBTsXMgAAAAJ,,,https://tr.linkedin.com/in/evrimersinkangal?trk=people-guest_people_search-card
Sergei Gleyzer,163996,bzHlrXMAAAAJ,http://sergeigleyzer.com/,sergeigleyzer,https://www.linkedin.com/in/sergei-v-gleyzer-a72b772
Sara Borroni,163498,PGEep1MAAAAJ,,,https://it.linkedin.com/in/sara-borroni-45b1a494
Leon Bottou,163229,kbN88gsAAAAJ,https://leon.bottou.org/,,
Pietro Perona,162507,j29kMCwAAAAJ,https://www.vision.caltech.edu/pietroperona.htm,,https://www.linkedin.com/in/pietro-perona-4a5a444
Sepp Hochreiter,162001,tvUH3WMAAAAJ,https://www.jku.at/en/institute-for-machine-learning/,jkulinz/,https://at.linkedin.com/school/jkulinz/
Thomas Brox,161601,0VAe-TQAAAAJ,https://lmb.informatik.uni-freiburg.de/people/brox/index.en.html,,
Demis Hassabis,159975,dYpPMQEAAAAJ,,demishassabis,无法确定
Pieter Abbeel,158002,vtwH6GkAAAAJ,https://people.eecs.berkeley.edu/~pabbeel/,pabbeel,https://www.linkedin.com/in/pieterabbeel
Dumitru Erhan,156942,wfGiqXEAAAAJ,https://www.dumitru.ca/,doomie,https://www.linkedin.com/in/dumitruerhan
Francisco Herrera,155812,HULIk-QAAAAJ,https://ccia.ugr.es/~herrera/,fherreraugr,https://www.linkedin.com/in/francisco-herrera-38226a/?originalSubdomain=es
Ashish Vaswani,155416,oR9sCGYAAAAJ,,ashvaswani,https://www.linkedin.com/in/ashish-vaswani-99892181/
Lukas Heinrich,155372,svzOc0UAAAAJ,http://www.lukasheinrich.com/,lukasheinrich_,https://de.linkedin.com/in/lukasheinrich
Thong Q. Nguyen,155226,f5IY9j8AAAAJ,https://thong.ai/,,https://www.linkedin.com/in/thongqn
Alec Radford,154535,dOad5HoAAAAJ,,AlecRad,https://www.linkedin.com/in/alecradford?trk=people-guest_people_search-card
Kyunghyun Cho,153442,0RAmmIAAAAAJ,https://www.kyunghyuncho.me/,kchonyc,https://www.linkedin.com/in/kyunghyun-cho-2171681b
Takeo Kanade,152603,LQ87h3sAAAAJ,https://www.ri.cmu.edu/ri-faculty/takeo-kanade/,,https://www.linkedin.com/in/takeo-kanade-9199604/
Jacob Vanderplas,152515,0tDjsNUAAAAJ,,jakevdp,
Sebastian Thrun,152141,q-buMEoAAAAJ,http://robot.cc/,,
Robert Schapire,152110,39JcQcEAAAAJ,,,
Archil Durglishvili,151768,VqEofWYAAAAJ,,,https://ge.linkedin.com/in/archil-durglishvili-13012287
PABLO TAMAYO,150805,lLqTCtUAAAAJ,,,https://www.linkedin.com/in/pablo-tamayo-3995a51
Niki Parmar,150358,q2YXPSgAAAAJ,,nikiparmar09,https://www.linkedin.com/in/nikiparmar
Xiaoou Tang,150356,qpBtpGsAAAAJ,https://mmlab.ie.cuhk.edu.hk/,,
Cordelia Schmid,149650,IvqCXP4AAAAJ,,,
Llion Jones,147725,_3_P5VwAAAAJ,,YesThisIsLion,https://jp.linkedin.com/in/llion-jones-9ab3064b
Olaf Ronneberger,147135,7jrO1NwAAAAJ,https://lmb.informatik.uni-freiburg.de/people/ronneber/,ORonneberger,
Richard S. Sutton,146107,6m4wv6gAAAAJ,http://www.incompleteideas.net/,RichardSSutton,https://www.linkedin.com/in/richard-sutton-0653545/?originalSubdomain=ca
Christopher M. Bishop,146055,gsr-K3ADUvAC,,,https://uk.linkedin.com/in/christophermbishop
Judea Pearl,145884,bAipNH8AAAAJ,https://bayes.cs.ucla.edu/jp_home.html,yudapearl,https://www.linkedin.com/learning/machine-learning-and-ai-foundations-causal-inference-and-modeling/judea-pearl-and-the-causal-revolution
Peter E. Hart,145681,EmP8sFQAAAAJ,https://www.peterhart.net/,,
Fabien Tarrade,145547,G6OYCEcAAAAJ,,fabtar,https://ch.linkedin.com/in/fabientarrade
Ali Farhadi,145226,jeOFRDsAAAAJ,https://homes.cs.washington.edu/~ali/,,https://www.linkedin.com/in/ali-farhadi-098430b1
Thomas Davenport,144452,QUhNN6QAAAAJ,https://www.tomdavenport.com/,tdav,https://www.linkedin.com/in/davenporttom/
Jia Deng,144438,U3Eub-EAAAAJ,https://www.cs.princeton.edu/~jiadeng/,jiadeng,https://www.linkedin.com/in/jia-deng-73bb4430
Klaus-Robert Müller,143922,jplQac8AAAAJ,,,
Alex Graves,143310,DaFHynwAAAAJ,https://www.cs.toronto.edu/~graves/,,
Alexei A. Efros,141569,d97bGd8AAAAJ,https://people.eecs.berkeley.edu/~efros/,,https://www.linkedin.com/in/alexei-efros-890736a3
Max Welling,141188,8200InoAAAAJ,,wellingmax,https://nl.linkedin.com/in/max-welling-4a783910
Aidan Gomez,140775,2oq9614AAAAJ,https://gom.ai/,AidanNGomez,https://ca.linkedin.com/in/aidangomez
David Lowe,139954,8vs5HGYAAAAJ,https://www.cs.ubc.ca/~lowe/home.html,,https://www.linkedin.com/in/raisindave
Leonidas Guibas,138419,5JlEyTAAAAAJ,,,
Alexander Gude,136960,MGzxB68AAAAJ,https://alexgude.com/,alex_gude,https://www.linkedin.com/in/alexandergude
Rob Fergus,136418,GgQ9GEkAAAAJ,https://cs.nyu.edu/~fergus/,rob_fergus,
Fabian Pedregosa,136076,PJQNw9oAAAAJ,https://fa.bianp.net/,fpedregosa,https://ch.linkedin.com/in/fabianpedregosa
Illia Polosukhin,136022,3SyxFIAAAAAJ,,ilblackdragon,https://pt.linkedin.com/in/illia-polosukhin-77b6538
Antonio Torralba,133959,8cxDHS4AAAAJ,https://web.mit.edu/torralba/www/,,https://www.linkedin.com/in/antonio-torralba-46444440
Rehan Akbani,132522,kyFJh1IAAAAJ,,,
Ming-Hsuan Yang,132394,p9-ohHsAAAAJ,https://faculty.ucmerced.edu/mhyang/,,https://www.linkedin.com/in/minghsuanyang/
"Michael J. Pencina, PhD",129945,I7tckLIAAAAJ,https://scholars.duke.edu/person/michael.pencina,pencinaphd,https://www.linkedin.com/in/michael-pencina-89194a42/
Jennifer Ngadiuba,129935,ZTqZD80AAAAJ,,,https://www.linkedin.com/in/jennifer-ngadiuba-a2138b141
Ajay Kumar,129357,4ul1v50AAAAJ,https://ajay-kumar.com/,ajaykumarmizzou,https://www.linkedin.com/in/ajaykumarmizzou/
Dacheng Tao,128124,RwlJNLcAAAAJ,,,https://sg.linkedin.com/in/dacheng-tao-a12618b
Mark DePristo,127972,OXefjc0AAAAJ,,markdepristo,https://www.linkedin.com/in/markdepristo/
Dragomir Anguelov,127815,T04c3fwAAAAJ,,,https://www.linkedin.com/in/dragomiranguelov
Tsung-Yi Lin,127791,_BPdgV0AAAAJ,https://tsungyilin.info/,TsungYiLinCV,https://www.linkedin.com/in/tsung-yi-lin-48a4b541
Sven Kreiss,127196,SnjnSVEAAAAJ,https://www.svenkreiss.com/,svenkreiss,https://www.linkedin.com/in/svenkreiss/
Ming-Wei Chang,126281,GiCqMFkAAAAJ,https://mingweichang.org/,mchang21,https://www.linkedin.com/in/ming-wei-chang-4962497
Jason Weston,126167,lMkTx0EAAAAJ,,jaseweston,https://www.linkedin.com/in/jason-weston-159130181/
Vipin Kumar,126160,BnxU9TEAAAAJ,https://www-users.cse.umn.edu/~kumar001/,vipinkumarUMN,https://www.linkedin.com/in/vipin-kumar-518101/
Qiang Yang (杨强）,125035,1LxWZLQAAAAJ,http://www.cse.ust.hk/~qyang,,
Xiaogang Wang,122309,-B5JgjsAAAAJ,https://www.ee.cuhk.edu.hk/~xgwang/,,
Laurens van der Maaten,121792,6GDfcqEAAAAJ,https://lvdmaaten.github.io/,lvdmaaten,https://www.linkedin.com/in/laurens-van-der-maaten-1255811?trk=public_post_feed-actor-name
Alexander C Berg,120935,jjEht8wAAAAJ,https://acberg.com/,AlexanderC12224,https://www.linkedin.com/in/alexander-berg-923660135
Chih-Jen Lin,120848,SLMkts8AAAAJ,https://www.csie.ntu.edu.tw/~cjlin/,jclin_jen,https://www.linkedin.com/in/chih-jen-lin-a5a91a15/?original_referer=https%3A%2F%2Fwww%2Egoogle%2Ecom%2F&originalSubdomain=tw
Stuart Russell,118602,2oy3OXYAAAAJ,https://people.eecs.berkeley.edu/~russell/,,https://www.linkedin.com/in/stuartjonathanrussell/
Mark Jenkinson,117699,-6XiFkUAAAAJ,https://researchers.adelaide.edu.au/profile/mark.jenkinson,uniofadelaide,https://uk.linkedin.com/in/mark-jenkinson-63b53b148
Mehdi Mirza,117180,c646VbAAAAAJ,https://memimo.net/,,https://uk.linkedin.com/in/mehdi-mirza-22518a6
Alan Yuille,116859,FJ-huxgAAAAJ,https://www.cs.jhu.edu/~ayuille/,,
Hegoi Garitaonandia,116775,WaWMFm0AAAAJ,,,
Wolfram Burgard,116652,zj6FavAAAAAJ,https://www.utn.de/1/wolfram-burgard/,utn_nuremberg,https://www.linkedin.com/company/technische-universit%C3%A4t-n%C3%BCrnberg
Scott Reed,115896,jEANvfgAAAAJ,https://reedscot.github.io/,scott_e_reed,https://www.linkedin.com/in/reedscott
Austin Basye,115295,FC5ONVMAAAAJ,,,https://www.linkedin.com/in/austinbasye
Allan Collins,115234,q6Kzly0AAAAJ,https://allancollins.northwestern.edu/,,
Joseph Redmon,113663,TDk_NfkAAAAJ,https://pjreddie.com/,pjreddie,
Timothy P. Lillicrap,113057,htPVdRMAAAAJ,https://contrastiveconvergence.net/~timothylillicrap/index.php,,
Daphne Koller,112623,5Iqe53IAAAAJ,,,https://www.linkedin.com/in/daphne-koller-4053a820
Daniel C. Dennett,112565,3FWe5OQAAAAJ,,,已去世https://www.science.org/doi/10.1126/science.adq5873
Wei Liu,110280,yFMX138AAAAJ,https://www.cs.unc.edu/~wliu/,,https://www.linkedin.com/in/lwbiosoft
Richard Szeliski,108982,3_u1jHQAAAAJ,https://szeliski.org/,szeliski,https://www.linkedin.com/in/richard-szeliski-865047125
Shuicheng Yan,108777,DNuiPHwAAAAJ,https://yanshuicheng.info/,shuicheng0320,https://www.linkedin.com/in/shuicheng-yan-123a866/
William T. Freeman,108644,0zZnyMEAAAAJ,,,https://www.linkedin.com/in/bill-freeman-a5140412
Kevin Murphy,107061,MxxZkEcAAAAJ,https://www.cs.ubc.ca/~murphyk/,sirbayes,https://www.linkedin.com/in/kevin-murphy-20684115
Soumith Chintala,106774,36ofBJgAAAAJ,https://soumith.ch/,soumithchintala,https://linkedin.com/in/soumith
Frank-Peter Schilling,106219,ZgO3g3QAAAAJ,https://fpschill.github.io/,fpschilling,https://ch.linkedin.com/in/frankpeterschilling
Kilian Weinberger,106217,8RVWMycAAAAJ,https://www.cs.cornell.edu/~kilian/,KilianQW,https://www.linkedin.com/in/kilian-weinberger-40b6844
David Warde-Farley,105661,MOgfm8oAAAAJ,https://dwf.name/,dwf,https://uk.linkedin.com/in/david-warde-farley-55a0825
Philipp Fischer,105389,M2j8KYMAAAAJ,,,https://de.linkedin.com/in/philipp-fischer-99a317263?trk=public_profile_browsemap
Bernt Schiele,105031,z76PBfYAAAAJ,https://www.mpi-inf.mpg.de/departments/computer-vision-and-machine-learning/people/bernt-schiele,,https://de.linkedin.com/in/bernt-schiele-111785236?trk=public_post_main-feed-card-text
Lei Zhang,103899,tAK5l1IAAAAJ,https://www4.comp.polyu.edu.hk/~cslzhang/,,
Daniel Marley,103888,N6CPBzQAAAAJ,https://demarley.github.io/,,
Kai Chen,103820,TKvd_Z4AAAAJ,,,https://www.linkedin.com/in/kai-chen-64811a1https://www.linkedin.com/in/kai-chen-64811a1
Azmed Zweil,103710,lq65trQAAAAJ,,,
Deva Ramanan,102986,9B8PoXUAAAAJ,https://www.cs.cmu.edu/~deva/,,
Ronald R Yager,102600,uAsllJMAAAAJ,,,
Allen Newell,102393,5WfqzjkAAAAJ,https://en.wikipedia.org/wiki/Allen_Newell,,
Michael Pürrer,102134,2DfFr6IAAAAJ,https://web.uri.edu/physics/meet/michael-purrer/,MPuerrer,https://www.linkedin.com/in/michael-p%C3%BCrrer-0892911a0
Pushmeet Kohli,101869,3pyzQQ8AAAAJ,,pushmeet,https://uk.linkedin.com/in/pushmeet-kohli-4838994
Sumeet S Chugh,101197,IusemhkAAAAJ,,sumeetschugh,https://www.linkedin.com/in/sumeet-chugh-362734165/
Jeff Donahue,100686,UfbuDH8AAAAJ,https://jeffdonahue.com/,jeffdonahue,https://x.com/jeffdonahue
C. Lawrence Zitnick,99943,ZeJjFQMAAAAJ,http://larryzitnick.org/,,https://www.linkedin.com/in/larry-zitnick-05489415a
Vijay Vasudevan,99414,yp4Gk3kAAAAJ,,spezzer,https://www.linkedin.com/in/vijay-vasudevan-a5062434
Liang-Chieh Chen,99116,ACjYGPUAAAAJ,http://liangchiehchen.com/,jay663344,https://www.linkedin.com/in/liang-chieh-chen-34462989
Andrea Vedaldi,99041,bRT7t28AAAAJ,https://www.robots.ox.ac.uk/~vedaldi/,,https://uk.linkedin.com/in/andreavedaldi
Ramalingam Chellappa,98542,L60tuywAAAAJ,https://aiem.jhu.edu/,,
"Ching-Yu Cheng, MD, MPH, PhD",97920,TmFCBzAAAAAJ,,,https://www.linkedin.com/in/ching-yu-cheng-a64020182/?originalSubdomain=sg
Nick Jennings,97505,FX5CsuYAAAAJ,https://www.lboro.ac.uk/services/vco/,LboroVC,https://www.linkedin.com/in/nick-jennings-069050237/?originalSubdomain=uk
Zoubin Ghahramani,96874,0uTu7fYAAAAJ,http://learning.eng.cam.ac.uk/zoubin/,zoubinghahrama1,https://www.linkedin.com/in/zoubin-ghahramani-322821145/?original_referer=https%3A%2F%2Fwww%2Egoogle%2Ecom%2F&originalSubdomain=uk
Zhifeng Chen,96684,EemUE4gAAAAJ,,,
Henri Prade,96441,Hw_xpykAAAAJ,https://www.irit.fr/~Henri.Prade/,,
Dieter Fox,96414,DqXsbPAAAAAJ,https://homes.cs.washington.edu/~fox/,,https://www.linkedin.com/in/dieter-fox-910aa24
Zhi-Hua Zhou,96112,rSVIHasAAAAJ,https://cs.nju.edu.cn/zhouzh/,,https://www.linkedin.com/in/zhi-hua-zhou-2a3b2a4/
Nabarun Dev,95716,xZ0xqDMAAAAJ,,,https://www.linkedin.com/in/nabarun-dev
elliot k fishman,95148,eJhOKTcAAAAJ,,ctisus,https://www.linkedin.com/in/elliot-fishman-ab732b13
Liang Chen,94293,EFdmzyYAAAAJ,,,https://www.linkedin.com/in/liangchenubc/?originalSubdomain=ca
Ioannis Antonoglou,94288,3ka3LZAAAAAJ,,,https://www.linkedin.com/in/ioannis-alexandros-antonoglou-45393253
Eliu Huerta,93785,CZQuCS0AAAAJ,https://www.anl.gov/profile/eliu-a-huerta,,https://www.linkedin.com/in/eliu-huerta-72a84165/
Mubarak Shah,93359,p8gsO3gAAAAJ,,ucfmshah,https://www.linkedin.com/in/mubarak-shah-b6aa68213
Sherjil Ozair,91900,O7MZStwAAAAJ,https://sherjil.ozair.ai/,sherjilozair,https://www.linkedin.com/in/sherjilozair
Jinde Cao,91810,8_ffELYAAAAJ,https://www.ae-info.org/ae/Member/Cao_Jinde,,https://www.linkedin.com/in/jinde-cao-16612989/
Matti Pietikäinen,90712,bjEpXBoAAAAJ,https://en.wikipedia.org/wiki/Matti_Pietik%C3%A4inen_(academic),,https://fi.linkedin.com/in/matti-pietik%C3%A4inen-0076702b
John Hopfield,90550,SNhXppAAAAAJ,https://pni.princeton.edu/people/john-j-hopfield,hopfieldjohn,https://www.linkedin.com/posts/lexfridman_john-hopfield-physics-view-of-the-mind-and-activity-6639556548647542784-iRmi
Andrew Senior,90306,17fLjgQAAAAJ,,,https://uk.linkedin.com/in/andrewsenior
Aditya Khosla,90196,75x4pdcAAAAJ,https://people.csail.mit.edu/khosla/,,https://www.linkedin.com/in/aditya-khosla-phd
Matthias Scheffler,90090,ebybQUsAAAAJ,https://nomad.fhi.mpg.de/,,https://www.linkedin.com/in/matthias-scheffler-14a4771a5/
Roland Siegwart,89995,MDIyLnwAAAAJ,http://www.asl.ethz.ch/,rsiegwart,https://www.linkedin.com/in/roland-siegwart-85466912/
Graesser,89653,SA-2DGsAAAAJ,,,
Mike Schuster,89607,L9lS9_AAAAAJ,,,https://www.linkedin.com/in/mike-schuster-965a281
Simone Bifani,89474,Mwp1slwAAAAJ,,,
Manuel Proissl,89109,ikHSFIkAAAAJ,,,https://www.linkedin.com/posts/dublin-tech-summit_dubtechsummit-ai-techevent-activity-7191402215901667328-YYW6
Michael J. Black,88861,6NjbexEAAAAJ,,PerceivingSys,
Larry Davis,88680,lc0ARagAAAAJ,,,https://www.linkedin.com/in/larry-davis-5020375/
John C. Platt,88457,rtWKzFwAAAAJ,,johnplattml,https://www.linkedin.com/in/john-platt-469a0143/
Xavier Coubez,88349,f8DBxpEAAAAJ,,,
Alexey Dosovitskiy,88177,FXNJRDoAAAAJ,,,https://de.linkedin.com/in/alexey-dosovitskiy-3694a1a9
Li Deng,87607,GQWTo4MAAAAJ,https://lidengsite.wordpress.com/,,https://www.linkedin.com/in/lideng?trk=public_post_feed-actor-image
Phillip Isola,87442,ROILf3EAAAAJ,https://web.mit.edu/phillipi/,phillip_isola,
James Austin,87418,RWKj5XgAAAAJ,http://www.cs.york.ac.uk/~austin,,
Rajendra Acharya,86995,8FjY99sAAAAJ,,,https://au.linkedin.com/in/rajendra-acharya-phd-deng-dsc-3b2315273
Martin Riedmiller,86957,1gVfqpcAAAAJ,,martinriedmill1,https://www.linkedin.com/in/martin-riedmiller-636b3471/
Dzmitry Bahdanau,86951,Nq0dVMcAAAAJ,https://rizar.github.io/,DBahdanau,
Matthew Botvinick,85968,eM916YMAAAAJ,,mattbotvinick,https://www.linkedin.com/in/matthew-botvinick-a132a13a
Jianfeng Gao,85818,CQ1cqKkAAAAJ,https://www.microsoft.com/en-us/research/people/jfgao/?from=https://research.microsoft.com/en-us/um/people/jfgao/&type=exact,JianfengGao0217,https://www.linkedin.com/in/jianfeng-gao-2558165
Da-Wen Sun,84517,8Q8PnOYAAAAJ,https://www.ucd.ie/sun/,ucddublin,https://linkedin.com/school/university-college-dublin/
Samy Bengio,84401,Vs-MdPcAAAAJ,https://bengio.abracadoudou.com/,,https://www.linkedin.com/in/bengio
Robert M. Haralick,84300,HMnF6i0AAAAJ,https://haralick.org/,,https://www.linkedin.com/in/robert-haralick-702a0b8
Guillermo Sapiro,83965,ISRNX3gAAAAJ,https://ece.princeton.edu/people/gsapiro,,
Vladlen Koltun,83391,kg4bCpgAAAAJ,https://vladlen.info/,,https://www.linkedin.com/in/vladlenkoltun
Jean Pouget-Abadie,83197,6F3ZIeEAAAAJ,,,https://www.linkedin.com/in/jean-pouget-abadie
Chen Change Loy,81522,559LF80AAAAJ,https://www.mmlab-ntu.com/person/ccloy/,ccloy,https://sg.linkedin.com/in/chen-change-loy-268b152b?trk=people-guest_people_search-card
Rylan Conway,81466,Bz7ww9sAAAAJ,,,https://www.linkedin.com/in/rylan-conway-baa7318a
Richard Zemel,81433,iBeDoRAAAAAJ,https://www.cs.toronto.edu/~zemel/inquiry/home.php,,https://ca.linkedin.com/in/richard-zemel-30181426
Pierre Sermanet,80954,0nPi5YYAAAAJ,https://sermanet.github.io/,psermanet,https://www.linkedin.com/in/sermanet/
Raquel Urtasun,80662,jyxO2akAAAAJ,https://www.cs.toronto.edu/~urtasun/,,https://ca.linkedin.com/in/raquel-urtasun-298400139
Paul Viola,80431,G2-nFaIAAAAJ,,,http://www.linkedin.com/in/violapaul
Jun-Yan Zhu,79539,UdpacsMAAAAJ,https://www.cs.cmu.edu/~junyanz/,junyanz89,https://www.linkedin.com/in/jun-yan-zhu-99b18814
Sean Benson,79254,C5Xwl7AAAAAJ,,,https://nl.linkedin.com/in/seanharrybenson
Jiaya Jia,79141,XPAkzTEAAAAJ,https://jiaya.me/,,https://hk.linkedin.com/in/jiaya-jia-81944371?trk=people-guest_people_search-card
Tom Whyntie,78480,4uTfvSQAAAAJ,https://www.oncology.ox.ac.uk/team/tom-whyntie,twhyntie,https://uk.linkedin.com/in/tomwhyntie
Christopher Olah,78123,6dskOSUAAAAJ,https://colah.github.io/,ch402,https://www.linkedin.com/in/christopher-olah-b574414a
Pascal Fua,77925,kzFmAkYAAAAJ,https://people.epfl.ch/pascal.fua/bio?lang=en,epfl_en,https://www.linkedin.com/today/author/pascal-fua-epfl
Tatsuhiko Tsunoda,77853,x-hrCAcAAAAJ,https://mesm.bs.s.u-tokyo.ac.jp/Research_Eng.html,,https://jp.linkedin.com/in/tatsuhiko-tsunoda-17a59731a
Hartwig Adam,77756,fWd88tEAAAAJ,https://research.google/people/author37870/?&type=google,GoogleAI,https://www.linkedin.com/showcase/googleresearch/
Xin Yao,77635,UUtYPl4AAAAJ,http://www.cs.bham.ac.uk/~xin,,
Chris Pal,76943,1ScWJOoAAAAJ,https://sites.google.com/view/christopher-pal,chrisjpal,https://ca.linkedin.com/in/chris-pal-9b8622119
Evan Shelhamer,76810,-ltRSM0AAAAJ,http://imaginarynumber.net/research/,,
Andrew Rabinovich,76343,yOcNQVgAAAAJ,,,https://www.linkedin.com/in/andrew-rabinovich-28556014
Tinne Tuytelaars,76144,EuFF9kUAAAAJ,,,
Ionut Cristian Arsene,75735,0gS6n8IAAAAJ,,,https://no.linkedin.com/in/arsene-ionut-cristian-49424515
Shih-Fu Chang,75493,OMVTRscAAAAJ,https://www.ee.columbia.edu/~sfchang/,,https://www.linkedin.com/in/shih-fu-chang
Lubomir Bourdev,75220,OXFjRnEAAAAJ,https://lubomir.org/,LBourdev,https://www.linkedin.com/profile/view?id=AAIAAAB7iqYBeFwOsxqsiJhQJCPwiU3hYExIO9o
Zhengyou Zhang,75134,1I-DKy8AAAAJ,,,
Yi Ma (马毅),75132,XqLiBQMAAAAJ,https://people.eecs.berkeley.edu/~yima/,,
Devi Parikh,75086,ijpYJQwAAAAJ,https://deviparikh.com/,deviparikh,https://www.linkedin.com/in/devi-parikh-71613a8
HongJiang Zhang (张宏江）,75057,u6wmNbQAAAAJ,,,https://www.linkedin.com/in/hongjiang-zhang-06765a1/
Chunhua Shen,74947,Ljk2BvIAAAAJ,https://cshen.github.io/,,https://cn.linkedin.com/in/chunhua-shen-1b88711a6
James Hays,74865,vjZrDKQAAAAJ,https://faculty.cc.gatech.edu/~hays/,,
Frank Hutter,74730,YUrxwrkAAAAJ,https://ml.informatik.uni-freiburg.de/~hutter,frankrhutter,https://de.linkedin.com/in/frank-hutter-9190b24b
Richard Hartley,74602,cHia5p0AAAAJ,,,https://au.linkedin.com/in/richard-hartley-05a86710
Demetri Terzopoulos,74463,pKuBFaQAAAAJ,https://web.cs.ucla.edu/~dt/,,https://www.linkedin.com/in/demetri-terzopoulos
Bram van Ginneken,74259,O1j6_MsAAAAJ,https://www.diagnijmegen.nl/people/bram-van-ginneken/,bramvanginneken,https://nl.linkedin.com/in/bramvanginneken
Baptiste Abeloos,73819,grJDBnEAAAAJ,,,https://fr.linkedin.com/in/baptiste-abeloos
Nitish Srivastava,73286,s1PgoeUAAAAJ,http://www.cs.toronto.edu/~nitish,nitishsr,https://www.linkedin.com/in/nitishs/
Caglar Gulcehre,73069,7hwJ2ckAAAAJ,https://www.caglarg.com/,caglarml,https://ch.linkedin.com/in/riccardo-brioschi
Thomas Unterthiner,72750,QCARd5gAAAAJ,,TomUnterthiner,
Dario Amodei,72737,6-e-ZBEAAAAJ,,,https://www.linkedin.com/in/dario-amodei-3934934
Pierre Baldi,72301,RhFhIIgAAAAJ,https://www.igb.uci.edu/~pfbaldi/,,https://www.linkedin.com/in/pierre-baldi-75a2835
Rajat Monga,71721,W8yZCNsAAAAJ,,rajatmonga,https://twitter.com/?lang=en
Percy Liang,71619,pouyVyUAAAAJ,https://cs.stanford.edu/~pliang/,percyliang,
Pascal Vincent,70431,WBCKQMsAAAAJ,,,https://ca.linkedin.com/in/pascal-vincent-b1ba209
Luca Antiga,70272,CjqPDhMAAAAJ,,lantiga,https://it.linkedin.com/in/lantiga
Shree Nayar,69422,3pZs3j0AAAAJ,,shreenayar,https://www.linkedin.com/in/shree-nayar-54877989
Naman Goyal,69395,CRbM_P4AAAAJ,,NamanGoyal21,https://www.linkedin.com/in/ngoyal2707
Geoffrey Irving,69242,TrdtzgwAAAAJ,,geoffreyirving,https://uk.linkedin.com/in/geoffreyirving
Licheng Jiao,68695,FZbrL2YAAAAJ,,,
Rewon Child,68585,eC3VWhAAAAAJ,https://rewonc.github.io/,rewonfc,
Michael Maire,67774,HXowq5YAAAAJ,https://people.cs.uchicago.edu/~mmaire/,,
Honglak Lee,65576,fmSHtE8AAAAJ,,honglaklee,https://www.linkedin.com/in/honglak-lee-8b07709
Guang-Bin Huang,65381,LhSqQCIAAAAJ,https://www.extreme-learning-machines.org/,egbhuang,https://sg.linkedin.com/in/guang-bin-huang-5949a9b3
Armand Joulin,65140,kRJkDakAAAAJ,,armandjoulin,https://fr.linkedin.com/in/armand-joulin-0274254
Thore Graepel,65139,PNH24toAAAAJ,https://thoregraepel.github.io/,ThoreG,https://www.linkedin.com/in/thoregraepel
Alon Keinan,65030,rS0EX5EAAAAJ,https://www.alonkeinan.org/,AlonKeinan,https://www.linkedin.com/in/alon-keinan
Rizwan Muhmmad,64204,S-07-ikAAAAJ,,,
Zhuang Liu,63940,7OTD-LEAAAAJ,https://liuzhuang13.github.io/,liuzhuang1234,https://www.linkedin.com/in/zhuang-liu-19306b1b1
Wangmeng Zuo,63292,rUOpCEYAAAAJ,https://homepage.hit.edu.cn/wangmengzuo,,https://cn.linkedin.com/in/wangmeng-zuo-ba79a821
Pete Warden,63079,VOWP8TUAAAAJ,,petewarden,https://www.linkedin.com/in/petewarden
Dinesh Manocha,62565,X08l_4IAAAAJ,,dmanocha,https://www.linkedin.com/in/dinesh-manocha-2311846
Manjunath Kudlur,62307,Jjp8eYUAAAAJ,,,https://www.linkedin.com/in/keveman/
Martin Wicke,62297,zBdo-BoAAAAJ,,,https://www.linkedin.com/in/martin-wicke-a7b70514
Vijay Pande,62238,cWe_xpUAAAAJ,,,
Alykhan Tejani,61449,A_yhnEgAAAAJ,,alykhantejani,http://linkedin.com/in/alykhantejani
George Papandreou,61417,6GdwHssAAAAJ,https://home.ttic.edu/~gpapan/,,
James Bradbury,61393,GprA5UsAAAAJ,,jekbradbury,
C Lee Giles,60684,sAkg9T8AAAAJ,https://clgiles.ist.psu.edu/,cleegiles,https://www.linkedin.com/in/c-lee-giles-823a0
Marc Levoy,60568,gbVh3PEAAAAJ,,,https://www.linkedin.com/in/marclevoy
张春霞 Zhang Chun-Xia,60432,b5KG5awAAAAJ,http://gr.xjtu.edu.cn/web/cxzhang,,
Jared Kaplan,60306,KNr3vb4AAAAJ,,,https://www.linkedin.com/in/jared-kaplan-645843213
H. Brendan McMahan,59989,iKPWydkAAAAJ,,GoogleAI,https://www.linkedin.com/showcase/googleresearch/
Marc Pollefeys,59925,YYH0BjEAAAAJ,,,https://ch.linkedin.com/in/marc-pollefeys-30a7075
Myunghee Cho Paik,59874,ww1zLWEAAAAJ,,,
Hans-Peter Seidel,59148,s2Ibok8AAAAJ,,,
Song Han,59008,E0iCaa4AAAAJ,https://hanlab.mit.edu/songhan,SongHan_MIT,https://www.linkedin.com/in/songhanmit
Alexander Kolesnikov,58200,H9I0CVwAAAAJ,https://kolesnikov.ch/,__kolesnikov__,
Razvan Pascanu,58128,6nKHDKYAAAAJ,https://www.razp.info/,,https://uk.linkedin.com/in/razvan-pascanu-67abb215
Hugo Aerts,56835,v7G4QvIAAAAJ,,HugoAerts,https://www.linkedin.com/in/hugoaerts
Patrick Hanrahan,56368,RzEnQmgAAAAJ,,,https://www.linkedin.com/in/pathanrahan
Heung-Yeung Shum,55425,9akH-n8AAAAJ,,,https://www.linkedin.com/in/harryshum
Ming-Ming Cheng,53342,huWpVyEAAAAJ,,,
Michael F Cohen,53181,YAtwLpwAAAAJ,,,https://www.linkedin.com/in/michael-cohen-330239222
Tom B Brown,53018,RLvsC94AAAAJ,,NotTomBrown,https://www.linkedin.com/in/nottombrown
Thomas Funkhouser,52755,BghVDhgAAAAJ,,,https://www.linkedin.com/in/thomas-funkhouser-98233a162
Hojjat Adeli,52606,TQMpoh8AAAAJ,,hojjatoriginal,
Markus Gross,52005,uxk0GmUAAAAJ,,MarkusGross63,https://ch.linkedin.com/in/markus-gross-961684
Veselin Stoyanov,51992,xdfWqboAAAAJ,http://vesstoyanov.com/,vesko_st,https://www.linkedin.com/in/ves-sto
Myle Ott,51696,5LtyqOQAAAAJ,https://myleott.com/,myleott,https://www.linkedin.com/in/myleott/
Fredo Durand,51534,NJ9c4ygAAAAJ,,,https://gq.linkedin.com/in/fredo-durand-902348234
J.-S. Roger Jang,50379,xPAxmk0AAAAJ,http://mirlab.org/jang,,https://www.linkedin.com/in/jyh-shing-roger-jang-52a3241b/
Tim Salimans,50318,w68-7AYAAAAJ,,TimSalimans,https://nl.linkedin.com/in/tsalimans
Radford Neal,49844,rr8pZoUAAAAJ,https://glizen.com/radfordneal,,
Jeffrey L. Elman,48976,Cxi26JcAAAAJ,https://jeffelman.ucsd.edu/,,已去世https://socialsciences.ucsd.edu/news/jeff-elman-1948-2018.html
Nal Kalchbrenner,48899,LFyg0tAAAAAJ,,nalkalchbrenner,https://ch.linkedin.com/in/kalchbrenner
Sam McCandlish,48885,gHp0pu4AAAAJ,,samsamoa,https://www.linkedin.com/in/sam-mccandlish
Edouard Grave,48874,7UV4ET4AAAAJ,https://www.di.ens.fr/~grave/,EXGRV,https://www.linkedin.com/company/kyutai-labs
Kumpati Narendra,48398,hmiUWnEAAAAJ,http://seas.yale.edu/faculty-research/faculty-directory/kumpati-narendra,,https://www.linkedin.com/in/kumpati-narendra-5b430a4b
Tom Henighan,47557,8h3AFugAAAAJ,,,https://www.linkedin.com/in/tom-henighan-757498123/
Timo Aila,47193,e7abmgkAAAAJ,https://users.aalto.fi/~ailat1/,_virtual_dreams,https://fi.linkedin.com/in/timoaila
Hugues Hoppe,46746,RXrifC8AAAAJ,,,https://www.linkedin.com/in/hugueshoppe
Steve Seitz,46715,-6cOYcYAAAAJ,,,https://www.linkedin.com/in/smseitz
Holger Schwenk,46677,Ysjk8kkAAAAJ,,SchwenkHolger,https://www.linkedin.com/in/holger-schwenk-b3730424/
Eli Shechtman,45942,B_FTboQAAAAJ,,AdobeResearch,
Peter Belhumeur,45933,J8YyZugAAAAJ,,,
Baining Guo,45778,h4kYmRYAAAAJ,,,https://www.linkedin.com/in/baining-guo-6b43044?trk=public_post_feed-actor-name
Soteris Kalogirou,45531,UNOpofUAAAAJ,http://www.cut.ac.cy/mem/research/Research+Units+and+Laboratories/archimedes/,,https://www.linkedin.com/in/soteris-kalogirou-70421239/?original_referer=https%3A%2F%2Fwww%2Egoogle%2Ecom%2F&originalSubdomain=cy
Yinhan Liu,44392,H9buyroAAAAJ,,yinhanl,https://www.linkedin.com/in/yinhan-liu-852691239
Christian Theobalt,44202,eIWg8NMAAAAJ,,,https://de.linkedin.com/in/christian-theobalt-75a8635b
David Forsyth,44011,5H0arvkAAAAJ,,,https://www.linkedin.com/in/david-forsyth-a2734213
Haibo He,43924,fY3EsO4AAAAJ,https://web.uri.edu/cisa/,,https://www.linkedin.com/in/haibo-he-2490091a/
Madan M. Gupta,43677,e-tS8tsAAAAJ,http://usask.ca/~madan.gupta,,https://www.linkedin.com/in/madan-gupta-351b7724/
Samuli Laine,42738,UCXJOTUAAAAJ,,,
Ziwei Liu,41895,lc45xlcAAAAJ,,liuziwei7,https://sg.linkedin.com/in/ziwei-liu-852b265a
Benjamin Mann,41300,McBoXK0AAAAJ,,8enmann,https://www.linkedin.com/in/benjamin-mann
Ming Lin,41272,ugFNit4AAAAJ,,MingCLinCS,https://www.linkedin.com/in/mlin2
Friedemann Pulvermüller,41224,dm5arl4AAAAJ,http://www.geisteswissenschaften.fu-berlin.de/v/brainlang/Team/FPulvermueller.html,,https://www.linkedin.com/in/friedemann-pulvermuller-7a189ab1/
李重(Zhong Li),41213,rol80n4AAAAJ,,,
Hanspeter Pfister,40701,VWX-GMAAAAAJ,,hpfister,https://www.linkedin.com/in/hpfister
Sander Dieleman,40656,yNNIKJsAAAAJ,,sedielem,https://uk.linkedin.com/in/sanderdieleman
Hanan Samet,40485,ATOfqHEAAAAJ,,,https://www.linkedin.com/in/hanansamet
Soo-Young Lee,40441,TeSGwicAAAAJ,,,https://www.linkedin.com/in/soo-yong-lee-75341411a/?originalSubdomain=ca
Alexander Waibel,40408,uHwTzpYAAAAJ,https://www.cs.cmu.edu/~ahw/,,https://www.linkedin.com/in/alexanderwaibel/
Ronald Fedkiw,39910,OoItXTkAAAAJ,,,https://www.linkedin.com/posts/icme-stanford_ron-fedkiw-professor-of-computer-science-activity-7059985446121963520-pB9b
Christopher Ré,39306,DnnCWN0AAAAJ,,hazyresearch,https://www.linkedin.com/in/chris-re-824a76215
Li Shen,38880,ABbCaxsAAAAJ,https://lishen-shirley.github.io/,,
Brian Curless,38572,tlh8i7gAAAAJ,,,https://www.linkedin.com/in/brian-curless-73ab293
Michael Kass,38065,ma2bi00AAAAJ,,,https://www.linkedin.com/in/michael-kass-3371202
Robert A Brown,37451,-E-eCLcAAAAJ,http://www.robbtech.com/,,
James Bergstra,37037,KOBmy0sAAAAJ,,jabergT,https://www.linkedin.com/in/james-bergstra/
Yaser Sheikh,36390,Yd4KvooAAAAJ,,,https://www.linkedin.com/in/yaser-sheikh-9847a64
Simon Kohl,36345,58pdkNIAAAAJ,,saakohl,
Noah Snavely,36035,Db4BCX8AAAAJ,,Jimantha,https://www.linkedin.com/in/noah-snavely-a236723
Richard Evans,35480,32NVaxYAAAAJ,,,
Matthias Nießner,35272,eUtEs6YAAAAJ,,MattNiessner,
Daniel Thalmann,35126,GPusciUAAAAJ,,,https://ch.linkedin.com/in/daniel-thalmann-78b7135
Arthur Gretton,34871,OUv7J6QAAAAJ,,ArthurGretton,https://uk.linkedin.com/in/arthur-gretton-a892494
Philipp Krähenbühl,34783,dzOd2hgAAAAJ,,,
Hüseyin Bahtiyar,34629,OwZVbEwAAAAJ,https://sites.google.com/view/huseyin-bahtiyar,,
Ravi Ramamoorthi,34476,q0MzO6cAAAAJ,,,https://www.linkedin.com/in/ravi-ramamoorthi-a479323
Andy Ballard,33934,syjQhAMAAAAJ,,,
Joelle Pineau,33452,CEt6_mMAAAAJ,,jpineau1,https://ca.linkedin.com/in/joelle-pineau-371574141
(Peter) Xi Chen陈曦,32840,5tVuggUAAAAJ,,peterxichen,https://www.linkedin.com/in/peter-xi-chen
Richard Lippmann,32839,XIrUoX8AAAAJ,,,
L. Darrell Whitley,32630,0VzUxIcAAAAJ,http://www.cs.colostate.edu/~whitley,,https://www.linkedin.com/in/darrell-whitley-64084b305/
Fritjof Helmchen,32619,IxFPOfAAAAAJ,,,https://www.linkedin.com/in/fritjof-helmchen-6a250613/?originalSubdomain=ch
Hugo Touvron,32418,xImarzoAAAAJ,,hugotouvron,https://fr.linkedin.com/in/hugo-touvron/en
Jack Clark,32153,wjkaNgcAAAAJ,,jackclarkSF,https://www.linkedin.com/in/jack-clark-5a320317
Jun Wang,32097,TBcb-1kAAAAJ,https://scholars.cityu.edu.hk/en/persons/jun-wang(6d556e00-9da5-4b40-9602-8ee68ce4e526).html,,https://www.linkedin.com/in/jun-wang-2b478978/
Iain Matthews,31739,0ZXfitAAAAAJ,,,
Andries Engelbrecht,31637,h9pOfj0AAAAJ,https://engel.pages.cs.sun.ac.za/,,https://www.linkedin.com/in/andries-engelbrecht-57190617b/
Sankarshan Ghosh,30577,Qh--jHwAAAAJ,,,
Nicole Hartman,30379,TBjJMMEAAAAJ,,,https://www.linkedin.com/in/nicole-hartman-16564b139
Nikhil R. Pal,30355,IGIvYfAAAAAJ,,,https://www.linkedin.com/in/nikhil-pal-45931816/
David Salesin,30324,8E442bkAAAAJ,,dsalesin,https://www.linkedin.com/in/david-salesin-2236a438
Nikolaus Kriegeskorte,30194,w6M4YN4AAAAJ,,kriegeskortelab,https://www.linkedin.com/in/nikolaus-kriegeskorte-396a6825/
Katsushi Ikeuchi,30112,YHxZLlwAAAAJ,,,
Guillaume Lample,29391,H7sVDmIAAAAJ,,GuillaumeLample,https://fr.linkedin.com/in/guillaume-lample-7821095b
Danilo J. Rezende,29239,UGlyhFMAAAAJ,,DaniloJRezende,https://uk.linkedin.com/in/danilo-jimenez-rezende-2031a7a
Paul Debevec,29199,rukYqhAAAAAJ,,debfx,https://www.linkedin.com/in/paul-debevec-163212
Dani Lischinski,29192,haahCZ4AAAAJ,,danilischinski,
Wojciech Matusik,28855,wbIMbL8AAAAJ,,,https://www.linkedin.com/in/wojciech-matusik-67238126
Peyman Milanfar,28594,iGzDl8IAAAAJ,,docmilanfar,https://www.linkedin.com/in/peyman-milanfar-1a790b3
Risto Miikkulainen,28534,2SmbjHAAAAAJ,http://www.cs.utexas.edu/users/risto,,https://www.linkedin.com/in/risto-miikkulainen-ab43b9b8/
Jason Yosinski,28420,gxL1qj8AAAAJ,http://yosinski.com/,jasonyo,https://www.linkedin.com/in/jasonyosinski/
Jaakko Lehtinen,28204,Vpr6s3sAAAAJ,,jaakkolehtinen,https://fi.linkedin.com/in/jalehtinen
Aaron Hertzmann,28174,ZcWO2AEAAAAJ,,AaronHertzmann,
Dieter Schmalstieg,28159,xXu8K6IAAAAJ,,,https://www.linkedin.com/posts/universit%C3%A4t-stuttgart_visualization-german-universityofstuttgart-activity-7196121798248144896-b8-4
Szymon Rusinkiewicz,28109,RaScARwAAAAJ,,,
Jessica Hodgins,27802,vswo4rQAAAAJ,,,https://www.linkedin.com/in/jessica-hodgins-86931246
Terrence L. Fine,27711,CKPeC3IAAAAJ,,,已去世
Xiaofeng Liao,27674,VpAZWLIAAAAJ,http://www.cs.cqu.edu.cn/info/1331/4244.htm,,
Maneesh Agrawala,27573,YPzKczYAAAAJ,,magrawala,https://www.linkedin.com/in/maneesh-agrawala-1a5a20192
Gail Carpenter,27464,DBsQtuAAAAAJ,,,https://www.linkedin.com/in/gail-carpenter-14702b37/
Peter Schröder,26892,t3TgxNwAAAAJ,,,https://www.linkedin.com/in/peters11
Paolo Frasconi,26716,s3l225EAAAAJ,http://www.dsi.unifi.it/~paolo/,,
James Kuffner,26562,1NyT9gQAAAAJ,,james_kuffner,https://www.linkedin.com/today/author/kuffner
Leif Kobbelt,26388,eCsqoJgAAAAJ,,,https://de.linkedin.com/in/leif-kobbelt-99046560
Donald C Wunsch II,26131,fQC7bIoAAAAJ,https://people.mst.edu/faculty/dwunsch/,,https://www.linkedin.com/in/wunsch/
Arie Kaufman,26117,fDdcWBEAAAAJ,,ArikKaufman,https://www.linkedin.com/in/arie-kaufman-105096136
Ce Liu,26069,j7MW4iYAAAAJ,,,https://www.linkedin.com/in/ce-liu-5697501a
Thomas Vetter,25825,HKLgZpYAAAAJ,,,
Kenji Doya,25770,SHufeXQAAAAJ,https://groups.oist.jp/ncu,,https://www.linkedin.com/in/kenji-doya-198453147/?originalSubdomain=jp
Shi-Min Hu,25695,LDb4tb0AAAAJ,,,https://www.linkedin.com/posts/tsinghua-university_tsinghuaren-activity-6656062868129181696-lmrg?trk=public_profile_like_view
Simon J. Thorpe,25356,uR-7ex4AAAAJ,https://cerco.cnrs.fr/page-perso-simon-thorpe/,simonjthorpe,
Kwan-Liu Ma,25329,LgL2HpkAAAAJ,,KwanliuMa,https://www.linkedin.com/in/kma01
James Foley,25273,GmcChLIAAAAJ,,,
Richard Zhang,25241,LW8ze_UAAAAJ,,rzhang88,https://www.linkedin.com/in/richard-zhang-ai
Irfan Essa,24811,XM97iScAAAAJ,,irrfaan,https://www.linkedin.com/in/irfanessa/
Alexis Conneau,24720,45KfCpgAAAAJ,,alex_conneau,
Kensaku Mori,24707,o0tylKsAAAAJ,,,https://jp.linkedin.com/in/kensaku-mori-82160a5a
Przemyslaw Prusinkiewicz,24628,pjH7e8IAAAAJ,,,https://ca.linkedin.com/in/przemyslaw-prusinkiewicz-2443804
Maoguo Gong （公茂果）,24362,D-TS1fAAAAAJ,http://see.xidian.edu.cn/faculty/mggong/index.htm,,https://cn.linkedin.com/in/maoguo-gong-382ba4a7
Henry Fuchs,24025,guhwcP8AAAAJ,,,https://www.linkedin.com/in/henry-fuchs-87369911
Junggon Kim,24001,BdRCA9cAAAAJ,,,
Ren Ng,23857,6H0mhLUAAAAJ,,,https://www.linkedin.com/in/renng
Maciej W Majewski,23810,SusRQUIAAAAJ,,,
"Prof. Nikola Kasabov, LFIEEE, FRSNZ, FINNS",23703,YTa9Dz4AAAAJ,https://knowledgeengineering.ai/nikolakasabov,,https://nz.linkedin.com/in/nikola-kasabov-994656231
Zoran Popovic,23692,0Qr2IGwAAAAJ,,,
Norman Badler,23578,e8e5qGcAAAAJ,,,
Greg Turk,23276,Q_4d9N0AAAAJ,,,https://www.linkedin.com/in/greg-t-184a1121a?trk=people-guest_people_search-card
Li Yi,23243,UyZL660AAAAJ,,ericyi0124,
Zheng-Guang Wu,23236,vy6JCNgAAAAJ,,,https://cn.linkedin.com/in/zheng-guang-wu-b3264369?trk=people-guest_people_search-card
Sebastian Nowozin,23191,7-B7aQkAAAAJ,,sebnowozin,
Zhigang Zeng,23189,BrJUTvoAAAAJ,http://aia.hust.edu.cn/zhigangzeng/,,https://cn.linkedin.com/in/zhigang-zeng-5a004939
Meriem Boubdir,23137,vC2BaXIAAAAJ,,,https://de.linkedin.com/in/mboubdir
Thomas Ertl,23020,qFQ9jHkAAAAJ,,,
Paul Haeberli,22978,236LzcwAAAAJ,,,
Arantxa Casanova,22880,iFhSTbAAAAAJ,,arcp_8,
Peter Shirley,22757,nHx9IgYAAAAJ,,,
Ruigang Yang,22620,yveq40QAAAAJ,,,
Peter Wonka,22589,0EKXSXgAAAAJ,,peter_wonka,
Douwe Kiela,22448,Q0piorUAAAAJ,,douwekiela,https://www.linkedin.com/in/douwekiela
Antoni Sagristà,22353,txfUwvgAAAAJ,,,
Ah Chung Tsoi,22339,iZqQuD8AAAAJ,,,
David Luebke,22266,AE7Xvl0AAAAJ,,davedotluebke,https://www.linkedin.com/in/david-p-luebke
Mu Li,22225,Z_WrhK8AAAAJ,,mli65,https://www.linkedin.com/in/mulicmu
Ben Mildenhall,22186,NozIDL8AAAAJ,,benmildenhall,https://www.linkedin.com/in/ben-mildenhall-86b4739b
Manolis Savva,22114,4D2vsdYAAAAJ,,,https://ca.linkedin.com/in/manolis-savva-39591a2b
Lei Xu,21880,rN2ny9kAAAAJ,"http://www.cs.sjtu.edu.cn/~lxu/,  http://www.cse.cuhk.edu.hk/~lxu/",,
Ralph R. Martin,21668,INLQHkrsd2QJ,,,
Sebastien Bubeck,21662,V2Y1L4sAAAAJ,,SebastienBubeck,https://www.linkedin.com/in/sebastien-bubeck-6b558a1a5
Gabriel Taubin,21646,saeqVMUAAAAJ,,,https://www.linkedin.com/in/gabriel-taubin-04631710
Peter Zhang,21639,yiYneb4AAAAJ,,,https://www.linkedin.com/in/peter-zhang-6410938
Pratul Srinivasan,21456,aYyDsZ0AAAAJ,,_pratul_,https://www.linkedin.com/in/pratul-srinivasan-a6662923
Olga Sorkine-Hornung,21414,GBU568oAAAAJ,,OlgaSorkineH,https://ch.linkedin.com/in/olga-sorkine-hornung
Jimei Yang,21364,GwKF9rMAAAAJ,,jimei_yang,https://www.linkedin.com/in/jimei-yang-841b3722/
Fuad E. Alsaadi,21133,mivIUmgAAAAJ,,,
Andrew L. Maas,20989,emiAAG0AAAAJ,http://www.andrewmaas.com/,AndrewLeeMaas,https://www.linkedin.com/in/andrewleemaas
Takeo Igarashi,20893,2LJJtI8AAAAJ,,,https://jp.linkedin.com/in/takeo-igarashi-2154aa270
Michael Zollhoefer,20788,eQ8ZIG4AAAAJ,,MZollhoefer,https://www.linkedin.com/in/michael-zollhoefer-a785141a1
Marc Alexa,20580,KNwXLLsAAAAJ,,,
Anthony Steed,20572,mPvFg_8AAAAJ,,anthony_steed,https://uk.linkedin.com/in/anthonysteed?trk=public_post_reshare-text
Sergey Edunov,20117,5w7uYrIAAAAJ,,edunov,https://www.linkedin.com/in/edunov
Thomas Nordahl Petersen,19802,VG1qxcEAAAAJ,,,
Azlan Hussain,19727,8zlcaTgAAAAJ,,,https://my.linkedin.com/in/mohd-azlan-hussain-7255151a1
Hong Wei Dong,19656,HBUUCzcAAAAJ,http://www.mouseconnectome.org/,,https://www.linkedin.com/in/hongwei-dong-6351142b
Michael Gleicher,19642,kDkH9UkAAAAJ,,,https://www.linkedin.com/in/mikegleicher
Ulrich Neumann,19614,MHet2VoAAAAJ,,,
Blair MacIntyre,19491,UA3tyKwAAAAJ,,,https://www.linkedin.com/in/blair-macintyre/
Robert C Welsh,19417,MUxygkEAAAAJ,,,
Jacek M. Zurada,19370,_rOWhBkAAAAJ,http://ci.louisville.edu/zurada/,jacekzurada,https://www.linkedin.com/groups/3722925
Yan-Jun Liu,19299,x_Wk1jAAAAAJ,http://www.scholat.com/liuyanjun,,
David Luan,19127,cItVg2MAAAAJ,,jluan,https://www.linkedin.com/in/jluan
Erich Elsen,19066,5d2Ss9EAAAAJ,,erich_elsen,https://www.linkedin.com/in/eric-elsen-63b4871
Pablo Lemos,18549,AklQTTsAAAAJ,,PabloLemosP,https://www.linkedin.com/in/plemosp/
Bao-Liang Lu （吕宝粮）,18506,709il6EAAAAJ,http://bcmi.sjtu.edu.cn/~blu/,,https://cn.linkedin.com/in/bao-liang-lu-0832552b
Klaus Greff,18404,OcownLgAAAAJ,http://qwlouse.github.io/,,
Zhihong Man,18238,dG87s78AAAAJ,https://www.swinburne.edu.au/,ZhihongMan,https://au.linkedin.com/in/man-zhihong-9a984022
Thibaut Lavril,17944,9nPunCEAAAAJ,,LavrilThibaut,https://fr.linkedin.com/in/thibaut-lavril
Andrew R Barron,17844,JcaWZAQAAAAJ,http://www.stat.yale.edu/~arb4,,https://www.linkedin.com/in/andrew-barron-7a6b5280
Rufin VanRullen,17836,1pwyaYgAAAAJ,https://rufinv.github.io/,,https://fr.linkedin.com/in/rufin-vanrullen-6b53122ba?trk=public_post_main-feed-card-text
Mustafa Suleyman,17831,hkDGEVQAAAAJ,,mustafasuleyman,https://www.linkedin.com/in/mustafa-suleyman
Patrick Esser,17690,ang8MoQAAAAJ,,pess_r,
Mirco Musolesi,17671,8t4SqVwAAAAJ,,mircomusolesi,https://www.linkedin.com/in/mircomusolesi
Steve Furber,17454,jLnsiBEAAAAJ,http://apt.cs.manchester.ac.uk/people/sfurber/,,https://uk.linkedin.com/in/stevebfurber
Daniel Soudry,17367,AEBWEm8AAAAJ,https://soudry.github.io/,,
Marie-Anne Lachaux,17297,dSEMIJ8AAAAJ,,MaLachaux,https://fr.linkedin.com/in/marieannelachaux
Benjamin Schrauwen,17156,i6gy5ZQAAAAJ,,,
Xian-Ming Zhang,17028,aZcLkqgAAAAJ,https://www.swinburne.edu.au/research/our-research/access-our-research/find-a-researcher-or-supervisor/researcher-profile/?id=xianmingzhang,,https://au.linkedin.com/in/xi-zhang-5b30601b4
Pascal Lamblin,16898,bn4xHHIAAAAJ,,,
Douglas Eck,16860,bLb3VdIAAAAJ,http://research.google.com/pubs/author39086.html,,https://www.linkedin.com/showcase/googleresearch/
Rupesh Kumar Srivastava,16638,vTWuk1gAAAAJ,https://rupeshks.cc/,rupspace,https://www.linkedin.com/in/rupesh-srivastava-7a2441175/
"Taylor Young, MD, MA",16377,jtPXU-sAAAAJ,,,
Hans Peter Graf,16126,yIkgW-cAAAAJ,,,https://www.linkedin.com/in/hans-peter-graf-a2612212
Yi Zhang,16076,RaqG37kAAAAJ,http://www.machineilab.org/users/zhangyi,,https://cn.linkedin.com/in/yi-zhang-4353b446
Michael Strickland,15885,ieRqR2cAAAAJ,https://sites.google.com/view/michael-strickland-pubs/home,,
Marco Zorzi,15657,MgF3uIMAAAAJ,http://ccnl.psy.unipd.it/,,
Danil Prokhorov,15565,7GTfQmgAAAAJ,,,
Dimitri Solomatine,15516,3HMqIZEAAAAJ,,,https://nl.linkedin.com/in/dimitri-solomatine-21470435
Yaron Lipman,15466,vyteiT4AAAAJ,,lipmanya,https://il.linkedin.com/in/yaron-lipman-71b05342
Jiatao Gu,15075,cB1mFBsAAAAJ,https://jiataogu.me/,thoma_gu,https://www.linkedin.com/in/jiatao-gu-204b2672/
Xavier Martinet,14929,GLfTggQAAAAJ,,,https://fr.linkedin.com/in/xaviermartinet
Leszek Rutkowski,14902,DrCG7jAAAAAJ,https://www.ae-info.org/ae/Member/Rutkowski_Leszek,,
Robin Rombach,14734,ygdQhrIAAAAJ,,robrombach,
Roberto Battiti,14701,fO-wkZkAAAAJ,http://rtm.science.unitn.it/~battiti/,rbattiti,https://it.linkedin.com/in/robertobattiti
Mahmoud Omid,14641,1LnABgMAAAAJ,http://can.ut.ac.ir/member/omid.aspx,,https://ir.linkedin.com/in/omid-mahmoudi-a0666a87
Thomas Martinetz,14586,0-tDtUIAAAAJ,https://www.inb.uni-luebeck.de/en/mitarbeiter/mitarbeiter/professoren/thomas-martinetz-english?tx_wapublications_pi1[action]=0&tx_wapublications_pi1[id]=2233&cHash=379ee835751811328293ac96031a3119,,https://de.linkedin.com/in/thomas-martinetz-10573a6
naira hovakimyan,14528,8mA9QpUAAAAJ,http://naira-hovakimyan.mechse.illinois.edu/,NHovakimyan,https://www.linkedin.com/in/nhovakim?trk=public_post_feed-actor-image
Kate Smith-Miles,14460,6XkFa7kAAAAJ,http://katesmithmiles.wixsite.com/home,,https://au.linkedin.com/in/kate-smith-miles-ao-717aa91
Behnam Neyshabur,14444,e1ucbCYAAAAJ,,bneyshabur,https://www.linkedin.com/in/bneyshabur
Paulo Cortez,14109,fQ42U-8AAAAJ,http://www3.dsi.uminho.pt/pcortez,PauloCortez4,https://pt.linkedin.com/in/paulocortez
James Spall,14092,G88SUVkAAAAJ,https://sites.google.com/view/james-spall,,
Charles Anderson,14027,NhnK838AAAAJ,http://www.cs.colostate.edu/~anderson,,
Fabio Petroni,13285,vxQc2L4AAAAJ,,Fabio_Petroni,https://uk.linkedin.com/in/petronifabio
Jung-Woo Ha,13004,eGj3ay4AAAAJ,,JungWooHa2,https://www.linkedin.com/in/jung-woo-ha-b2782862/
R Devon Hjelm,12820,68c5HfwAAAAJ,,devon_hjelm,https://www.linkedin.com/in/devon-hjelm-a54b175
Leon A. Gatys,12806,ADMVEmsAAAAJ,,,https://www.linkedin.com/in/lgatys
Xun Huang,12409,1XGC4GsAAAAJ,,xunhuang1995,https://www.linkedin.com/in/xunhuang1995
Nils Hammerla,12400,Qk_ziKsAAAAJ,,nhammerla,https://uk.linkedin.com/in/nhammerla
Shashaank Vattikuti,12035,CdFCXDQAAAAJ,,,
Michal Valko,11698,jrazNCQAAAAJ,,misovalko,https://www.linkedin.com/posts/michalvalko_byolforever-activity-7192875931701530624-wEic
Gautier Izacard,11556,aL3MllMAAAAJ,,gizacard,https://fr.linkedin.com/in/gizacard
Arthur Mensch,11546,F8riAN8AAAAJ,,arthurmensch,https://www.linkedin.com/in/arthur-mensch/
Connor Shorten,11400,YKuiy20AAAAJ,,CShorten30,https://www.linkedin.com/in/connor-shorten-91860a135
Irina Jurenka,11032,YWVuCKUAAAAJ,,,https://uk.linkedin.com/in/irina-jurenka-74455235
Jacob Menick,10542,te_gpaEAAAAJ,,jacobmenick,https://uk.linkedin.com/in/jacob-menick-5a277a135
Ari Holtzman,10265,jtrAdywAAAAJ,,universeinanegg,https://www.linkedin.com/in/ari-holtzman-1b620a149?trk=people-guest_people_search-card
Timothée Lacroix,10203,tZGS6dIAAAAJ,,tlacroix6,https://fr.linkedin.com/in/timothee-lacroix-59517977
Andrea Prati,10024,PJAxU3QAAAAJ,,,https://www.linkedin.com/in/andrea-prati-73827a1/
Baptiste Rozière,9972,CrSf2CQAAAAJ,,b_roziere,https://fr.linkedin.com/in/baptisteroziere
Brian Karrer,9811,Wewcpo4AAAAJ,,,https://www.linkedin.com/in/brian-karrer?trk=people-guest_people_search-card
Amjad Almahairi,9728,WbYAa7IAAAAJ,,AmjadMahayri,https://www.linkedin.com/in/amjadalmahairi
Benjamin Sanchez-Lengeling,9514,-91dFcMAAAAJ,,beangoben,www.linkedin.com%2Fin%2Fbenjamin-sanchez-lengeling-6879a68a%2F%3Foriginal_referer%3D&sa=D&sntz=1&usg=AOvVaw3da94QvJXpZuEcFSoT7koY
Aravind Srinivas,9451,GhrKC1gAAAAJ,,AravSrinivas,https://www.linkedin.com/in/aravind-srinivas-16051987/
Eric Hambro,8871,ehquBPIAAAAJ,https://erichambro.com/,erichammy,https://uk.linkedin.com/in/eric-hambro
Lars Mescheder,8855,h2k1gL4AAAAJ,,LMescheder,https://de.linkedin.com/in/lmescheder
Josh Tobin,8843,0oIAvO8AAAAJ,,josh_tobin_,https://www.linkedin.com/in/josh-tobin-4b3b10a9
Yuanzhong Xu,8735,KzRHnx0AAAAJ,,ukoxyz,https://www.linkedin.com/in/yuanzhong-xu
Faisal Azhar,8724,MlOnkzoAAAAJ,,,https://uk.linkedin.com/in/faisal-azhar
Tianyu Pang,8703,wYDbtFsAAAAJ,,TianyuPang1,https://sg.linkedin.com/in/tianyu-pang-b3999017a
Alex Lamb,8701,BFzFy1YAAAAJ,,,
Tobias Pfaff,8521,3oUgDKQAAAAJ,,,https://uk.linkedin.com/in/tobias-pfaff-16116b117
Ming Ding,7894,Va50YzkAAAAJ,,sleepychord,
Mehdi SM Sajjadi,7885,rHF25YEAAAAJ,,,
Nikhil Naik,7853,M1IgIyMAAAAJ,https://web.mit.edu/naik/www/,nikhil_ai,https://www.linkedin.com/in/nikdnaik
Yuri Burda,7621,Amky96kAAAAJ,,burdayur,
Xavier Giró-i-Nieto,7539,M3ZUEc8AAAAJ,,DocXavi,https://es.linkedin.com/in/xaviergiro
Edward Hu,7120,2eADy_8AAAAJ,,edwardjhu,https://www.linkedin.com/in/edwardjhu
Jakub M. Tomczak,7010,XB99pR4AAAAJ,,jmtomczak,https://nl.linkedin.com/in/jakub-tomczak-04305314a
Luowei Zhou,6970,M-3cIR0AAAAJ,,luowei_zhou,https://www.linkedin.com/in/luowei-zhou-6548aa9a/
Felix Juefei-Xu,6920,dgN8vtwAAAAJ,,felixudr,https://www.linkedin.com/in/felixu/
Yunjey Choi,6895,v_4lOaAAAAAJ,,yunjey_choi,https://www.linkedin.com/in/https://kr.linkedin.com/in/yunjey-choi-27b347175
Aston Zhang,6688,WXOaxKMAAAAJ,,astonzhangAZ,https://www.linkedin.com/in/astonzhang
Stephan Mandt,6643,HOrGe7wAAAAJ,,s_mandt,https://www.linkedin.com/in/stephan-mandt-8702795a
Sheng Shen,6406,BCKhEoAAAAAJ,,shengs1123,
Katja Hofmann,6242,bHsjbLwAAAAJ,,katjahofmann,http://nl.linkedin.com/in/katjahofmann
Yilun Du,5994,GRMMc_MAAAAJ,,du_yilun,https://www.linkedin.com/in/yilun-du-04a831112
Heinrich Küttler,5984,dE-JkuIAAAAJ,,HeinrichKuttler,https://de.linkedin.com/in/heinrich-kuttler
Tim Brooks,5879,sonlKXIAAAAJ,,_tim_brooks,https://www.linkedin.com/in/timothyebrooks/
Jordan Hoffmann,5875,4A91qjAAAAAJ,,,
Jay Whang,5748,rBH-cpMAAAAJ,,jaywhang_,https://linkedin.com/in/jaywhang
Karan Goel,5644,1i3X2GgAAAAJ,,krandiash,https://www.linkedin.com/in/krandiash
Wei Ping,5551,6gKEYRgAAAAJ,,_weiping,https://www.linkedin.com/in/wei-ping/
Susan Zhang,5494,HbChXx0AAAAJ,,,https://www.linkedin.com/in/suchenzang
Shengfeng He,5382,rBWnK8wAAAAJ,,ShengfengHe,https://www.linkedin.com/in/shengfenghe/
Guilin Liu,5227,zOQj6-gAAAAJ,,GuilinL,https://www.linkedin.com/in/guilin-liu-1a347456/
Abubakar Abid,5125,8slGl3oAAAAJ,,,
Albert Gu,4920,DVCHv1kAAAAJ,,_albertgu,https://www.linkedin.com/in/albert-gu-8ab677139
Deli Zhao,4869,7LhjCn0AAAAJ,,ZhaoDeli,
Chongxuan Li,4725,UKMcQn4AAAAJ,,LiChongxuan,
Dongqing Zhang,4659,SluGYIsAAAAJ,,,
Mykola Lavreniuk (Микола Лавренюк),4638,-oFR-RYAAAAJ,,,https://ua.linkedin.com/in/mykola-lavreniuk?trk=people-guest_people_search-card
Chia-Chih Chen,4446,0Hr1SOUAAAAJ,,,
Jayaraman J. Thiagarajan,4384,cMz65_oAAAAJ,,jjayaram7,https://www.linkedin.com/in/jjayaram7/
Nikolay Savinov,4256,oVe6XMoAAAAJ,,SavinovNikolay,https://uk.linkedin.com/in/nikolay-savinov-2023b884
Bob D. de Vos,4082,Q0KDwp8AAAAJ,,,
Fangneng Zhan,3995,8zbcfzAAAAAJ,,fnzhan0507,https://www.linkedin.com/in/fnzhan
Carey Radebaugh,3983,0oftJqMAAAAJ,,,https://www.linkedin.com/in/careyradebaugh
Xinshuo Weng,3806,dthSEsoAAAAJ,,xinshuoweng,https://ca.linkedin.com/in/xinshuoweng
Andreas Loukas,3775,-XGXJbQAAAAJ,,loukasa_tweet,https://ch.linkedin.com/in/andreas-loukas-64a09b14
Davide Bacciu,3611,1d5n2WkAAAAJ,,,https://www.linkedin.com/in/bacciu/
Sai Rajeswar,3603,h-sqIigAAAAJ,,RajeswarSai,https://www.linkedin.com/in/sairajeswar/
Carlos Riquelme,3581,Es2BBeYAAAAJ,,rikelhood,http://www.linkedin.com/pub/carlos-riquelme/5a/a60/955/
Roberta Raileanu,3531,462OoekAAAAJ,,robertarail,https://www.linkedin.com/in/roberta-raileanu-44b25660/
Youngjung Uh,3507,dTKRUVoAAAAJ,,YoungjungUh,https://kr.linkedin.com/in/youngjung-uh-78b459b5
Joshua Meier,3497,2M0OltAAAAAJ,,joshim5,https://www.linkedin.com/in/joshua-meier-27a6861a
Vladislav Golyanik,3414,we9LnVcAAAAJ,,,https://de.linkedin.com/in/vladislav-golyanik
Demi Guo,3370,lJFV2cwAAAAJ,,demi_guo_,https://www.linkedin.com/in/demi-g-9a9ab6a1/
Akhil Mathur,3350,oKsBeGAAAAAJ,,akhilmathurs,https://www.linkedin.com/in/akhilmathur
Rishabh Agarwal,3322,aH8AJu4AAAAJ,,agarwl_,https://www.linkedin.com/in/agarwl
Brian Amberg,3237,iqUqxgIAAAAJ,,,https://ch.linkedin.com/in/brianamberg
Gido M. van de Ven,3209,3k0l15MAAAAJ,,GMvandeVen,https://www.linkedin.com/in/gido-van-de-ven-966a872a5
Yuki Mitsufuji,3196,GMytI10AAAAJ,,mittu1204,https://www.linkedin.com/in/mittu1204/
Xianbiao Qi,3145,odjSydQAAAAJ,,,https://cn.linkedin.com/in/xianbiao-qi-39617727
Ali Harakeh,3113,wqBHr6MAAAAJ,,AliHarakeh1,http://linkedin.com/in/asharakeh
Johannes C. Paetzold,3080,7Bv7PmgAAAAJ,,,https://uk.linkedin.com/in/johannes-c-paetzold-284685120
Adrian Albert,3076,flJP1GsAAAAJ,,,
Jianwen Xie,2994,O3p4CIQAAAAJ,,jianwen_xie,https://www.linkedin.com/in/jianwen-xie-6904963a/
Mannat Singh,2991,QOO8OCcAAAAJ,,mannat_singh,
Daniel Hernandez Diaz,2959,e0CfY3gAAAAJ,,,https://www.linkedin.com/in/daniel-hernandez-diaz
Tianhong Li,2935,AI2f3dkAAAAJ,,TianhongLi6,https://www.linkedin.com/in/tianhong-li-846390b6
Kristy Choi,2925,WetKfYoAAAAJ,,,https://www.linkedin.com/in/kristyc424
Maxim Tatarchenko,2910,noQo18T42ZoC,,,https://de.linkedin.com/in/tatarchm
Ayzaan Wahid,2897,KsocBp8AAAAJ,,ayzwah,https://www.linkedin.com/in/ayzaan-wahid-21676148
Danilo Comminiello,2827,H3Y52cMAAAAJ,https://danilocomminiello.site.uniroma1.it/,dhan90001,https://www.google.com/url?q=https%3A%2F%2Fwww.linkedin.com%2Fin%2Fdanilocomminiello%2F&sa=D&sntz=1&usg=AOvVaw3Aj6I2y8CRwXAfPxjmbbyQ
Evgeny Putin,2814,Dyj_uSMAAAAJ,,,https://ru.linkedin.com/in/evgeny-putin-4598b8165
Yuning You,2806,Pv-V2igAAAAJ,,you_yuning,https://www.linkedin.com/in/yuningyou/recent-activity/all/
Jing Zhang (张静),2705,Qa1DMv8AAAAJ,,,
Alfredo Cuesta-Infante,2703,OQsC-14AAAAJ,,a_cuestainfante,https://es.linkedin.com/in/antonio-sanz-montemayor
Trung Le,2672,gysdMxwAAAAJ,,,https://au.linkedin.com/in/trung-le-25789b174
Jerry Ma,2647,qukcWBAAAAAJ,,,https://www.linkedin.com/in/majerry/
Ajil Jalal,2515,ePC7IC0AAAAJ,,JalalAjil,https://www.linkedin.com/in/ajil-jalal-6003486b
Tiancheng Zhao,2489,3RwJTyUAAAAJ,,tianchezhao,
Yishu Miao,2482,dxBYu1AAAAAJ,,MiaoYishu,https://uk.linkedin.com/in/yishu-miao-260222ab
Siddharth Goyal,1498,ltmbKbsAAAAJ,,,https://www.linkedin.com/in/goyalsiddharth/
Grégoire Mialon,830,6hie6ZIAAAAJ,,mialon_gregoire,https://fr.linkedin.com/in/gr%C3%A9goire-mialon-676669b6
Bret Taylor,231,5aKayL0AAAAJ,,btaylor,https://www.linkedin.com/in/brettaylor
